House ID,x1,x2
1,-117.59292,34.10626
2,-122.997,37.89809
3,-122.47476,37.74269
4,-118.10267,34.13808
5,-119.85405,34.41536
6,-118.32575,33.34261
